CD0RL8068,3
CD0RM8068,4
CD0RS8068,5
CDBBL666,2
CDBBL8068,4
CDBBM8068,4
CDBBS8068,4
CDBEL666,2
CDCFL1679,4
CDCFL238,3
CDCFL5102,2
CDCFL5130,3
CDCFL6112,2
CDCFL61415,4
CDCFL7358,1
CDCFL8008,3
CDCFL8082,4
CDCFL8704,1
CDCFL8743,2
CDCFL8862,3
CDCFL9020,3
CDCFM1679,3
CDCFM1802,3
CDCFM238,4
CDCFM3132,2
CDCFM3951,4
CDCFM399,3
CDCFM5102,2
CDCFM5985,1
CDCFM6112,3
CDCFM643,4
CDCFM7358,2
CDCFM8008,4
CDCFM8082,3
CDCFM8862,4
CDCFM9020,2
CDCFM918,1
CDCFS1679,4
CDCFS2266,3
CDCFS6112,3
CDCFS643,3
CDCFS8008,3
CDCFS8082,3
CDCFS8704,1
CDCFS8743,3
CDCFS8862,3
CDCFS9020,2
CDCFXL5130,3
CDCFXL61415,3
CDCFXS643,4
